<?xml version="1.0" encoding="UTF-8"?>
<SESSION id="bi44AOdcavnw1h5jz4k4D19q1eOemQBZ">
	<TRANSACTION id="test">
		<TIMESTAMP>05-05-2017 04:38:28 PM</TIMESTAMP>
		<PRODUCT_ID>101</PRODUCT_ID>
		<PRODUCT_NAME>Coke</PRODUCT_NAME>
		<PRODUCT_PRICE>1.500000</PRODUCT_PRICE>
	</TRANSACTION>
</SESSION>
<SESSION id="bc6bYEikOfr1AcCU4Wp8TCd3J8SQLW0I">
	<TRANSACTION id="SCH87pJXRAYdPt26">
		<TIMESTAMP>05-05-2017 04:42:14 PM</TIMESTAMP>
		<PRODUCT_ID>202</PRODUCT_ID>
		<PRODUCT_NAME>Can of WhoopAss</PRODUCT_NAME>
		<PRODUCT_PRICE>1.000000</PRODUCT_PRICE>
	</TRANSACTION>
	<TRANSACTION id="VMlMWci8IQBqgkjA">
		<TIMESTAMP>05-05-2017 04:43:12 PM</TIMESTAMP>
		<PRODUCT_ID>206</PRODUCT_ID>
		<PRODUCT_NAME>WFMU Bumper Sticker</PRODUCT_NAME>
		<PRODUCT_PRICE>2.250000</PRODUCT_PRICE>
	</TRANSACTION>
</SESSION>
<SESSION id="VFmqk4nfmBbUPgQHxmWMTUIsARVJ0zvL">
	<TRANSACTION id="PIXIWHgEBoDZu3B4">
		<TIMESTAMP>05-06-2017 04:46:20 PM</TIMESTAMP>
		<PRODUCT_ID>101</PRODUCT_ID>
		<PRODUCT_NAME>Coke</PRODUCT_NAME>
		<PRODUCT_PRICE>1.500000</PRODUCT_PRICE>
	</TRANSACTION>
</SESSION>
<SESSION id="sMrxHDwYkT21FqAzz0KLOjCAIu4UVgYz">
	<TRANSACTION id="CG1WodyDugeCjuWC">
		<TIMESTAMP>05-06-2017 04:49:07 PM</TIMESTAMP>
		<PRODUCT_ID>106</PRODUCT_ID>
		<PRODUCT_NAME>Sprite Negative One</PRODUCT_NAME>
		<PRODUCT_PRICE>1.500000</PRODUCT_PRICE>
	</TRANSACTION>
</SESSION>
<SESSION id="rtY8N54WaLokXErobda7zvfqVfFzhPr4">
	<TRANSACTION id="ZACuuTY4SERU7HVB">
		<TIMESTAMP>05-09-2017 03:31:27 PM</TIMESTAMP>
		<PRODUCT_ID>503</PRODUCT_ID>
		<PRODUCT_NAME>Coming Soon To Own on DVD and VHS</PRODUCT_NAME>
		<PRODUCT_PRICE>2.500000</PRODUCT_PRICE>
	</TRANSACTION>
	<TRANSACTION id="wdH8Ru8fQWd1pRFZ">
		<TIMESTAMP>05-09-2017 03:32:53 PM</TIMESTAMP>
		<PRODUCT_ID>202</PRODUCT_ID>
		<PRODUCT_NAME>Can of WhoopAss</PRODUCT_NAME>
		<PRODUCT_PRICE>1.000000</PRODUCT_PRICE>
	</TRANSACTION>
</SESSION>
